Variable,DF,SumOfSqs,F,P_marginal
wave,1,1.3926574540514558,2.4768022285131708,0.065
SST,1,0.9577225567737351,1.703282710341832,0.18
PAR,1,0.6604236075066456,1.174544866059167,0.324
POC,1,6.607724837433773,11.751653326628523,0.001
Residual,21,11.807889301132002,NA,NA
