"","group","median_cover","mean_cover","n_obs"
"1","EAM",48.2476350949,47.2786059944449,81
"2","ABI",28.1343588947556,27.0491321644914,80
"3","MAL",18.246428571,21.9249981588946,79
"4","CCA",5.68587080722857,6.8658412506452,72
"5","ZOA",4.7613636365,7.2458751623904,55
"6","CYA",4.55208333325,5.69081593862383,68
"7","POR",4.20184482066667,4.43063170784028,24
"8","SCL",4.1752424375,5.44694735080946,80
"9","ACA",3.4970005325,6.87056413260753,58
"10","OTH",2.06207483,2.2876674913,10
