"","group","median_cover","mean_cover","n_obs"
"1","EAM",42.4421542861333,40.5389006261192,60
"2","MAL",27.7146091597983,27.3404999935188,60
"3","ZOA",20,23.0881902412857,7
"4","ACA",14.6452287583588,16.9437045551074,60
"5","SCL",7.849857265,10.3224615556319,59
"6","CCA",4.65948343260606,5.48246299562882,56
"7","CYA",4.40727575483333,10.3717576849278,54
"8","ABI",4.01390663254167,5.65522191503203,50
"9","POR",3.59637521176667,4.67420649465896,52
"10","INV",2.166666667,2.14372294385714,7
