Axis,Eigenvalue,Proportion,Cumulative
dbRDA1,6.966988927667294,0.2781406330807325,0.2781406330807325
dbRDA2,3.0983824239595914,0.1236956248780606,0.4018362579587931
dbRDA3,0.8239405629908148,0.03289388747283285,0.43473014543162597
dbRDA4,0.39766301918085656,0.015875759966909035,0.450605905398535
