Source,DF,SumOfSqs,R2,F,P
Model,3,0.8829617764196481,0.7063241590131981,17.637509718284583,0.001
Residual,22,0.3671183251207405,0.29367584098680205,NA,NA
Total,25,1.2500801015403884,1,NA,NA
