"","group","median_cover","mean_cover","n_obs"
"1","EAM",42.2857142857143,41.5649610862726,61
"2","ZOA",36.6666666666667,38.2383597883598,54
"3","MAL",26.6,26.4899581293024,61
"4","CCA",24.3333333333333,25.7815993660256,61
"5","OTH",12,16.2213333333333,25
"6","TUN",10.6666666666667,11.897052154195,49
"7","ACA",6,7.3989898989899,33
"8","CYA",6,6.34313725490196,17
"9","POR",6,6.77753246753247,55
"10","INV",4,4.61152882205514,19
"11","SCL",2,2,2
